submitter,TP53.mut,PIK3CA.mut
MB-0000,WT,WT
MB-0002,MUT,WT
MB-0005,WT,MUT
MB-0006,WT,MUT
MB-0008,MUT,WT
MB-0010,MUT,MUT
MB-0014,WT,MUT
MB-0020,WT,WT
MB-0022,WT,MUT
MB-0025,WT,MUT
MB-0028,MUT,WT
MB-0035,WT,MUT
MB-0036,WT,WT
MB-0039,WT,WT
MB-0045,WT,WT
MB-0046,MUT,MUT
MB-0048,WT,WT
MB-0050,WT,WT
MB-0053,WT,WT
MB-0054,WT,MUT
MB-0056,WT,WT
MB-0059,WT,WT
MB-0060,WT,WT
MB-0062,MUT,WT
MB-0064,WT,WT
MB-0066,WT,MUT
MB-0068,WT,MUT
MB-0071,WT,WT
MB-0079,MUT,MUT
MB-0081,WT,WT
MB-0083,WT,MUT
MB-0093,WT,MUT
MB-0095,WT,MUT
MB-0097,WT,WT
MB-0099,WT,WT
MB-0100,MUT,WT
MB-0101,WT,MUT
MB-0102,MUT,WT
MB-0106,WT,MUT
MB-0107,MUT,WT
MB-0108,MUT,WT
MB-0109,MUT,WT
MB-0110,WT,WT
MB-0111,WT,MUT
MB-0112,WT,WT
MB-0113,WT,WT
MB-0114,WT,MUT
MB-0115,MUT,WT
MB-0116,WT,WT
MB-0117,WT,WT
MB-0119,WT,WT
MB-0120,WT,WT
MB-0121,WT,WT
MB-0122,WT,MUT
MB-0123,WT,WT
MB-0124,WT,MUT
MB-0125,WT,MUT
MB-0126,WT,WT
MB-0127,MUT,WT
MB-0128,WT,MUT
MB-0129,WT,WT
MB-0130,WT,WT
MB-0131,WT,MUT
MB-0133,WT,MUT
MB-0134,WT,WT
MB-0135,WT,WT
MB-0136,WT,MUT
MB-0138,WT,MUT
MB-0139,WT,MUT
MB-0140,WT,WT
MB-0142,WT,WT
MB-0143,WT,MUT
MB-0144,WT,MUT
MB-0145,WT,WT
MB-0146,WT,WT
MB-0147,WT,WT
MB-0148,MUT,WT
MB-0149,MUT,WT
MB-0150,MUT,MUT
MB-0151,WT,WT
MB-0152,MUT,MUT
MB-0153,WT,WT
MB-0154,WT,WT
MB-0155,WT,WT
MB-0156,WT,WT
MB-0157,MUT,WT
MB-0158,WT,WT
MB-0159,WT,WT
MB-0160,WT,WT
MB-0162,WT,MUT
MB-0163,MUT,WT
MB-0164,MUT,WT
MB-0165,MUT,MUT
MB-0166,WT,WT
MB-0167,MUT,MUT
MB-0168,WT,WT
MB-0169,WT,WT
MB-0170,WT,MUT
MB-0171,WT,MUT
MB-0172,MUT,MUT
MB-0173,WT,WT
MB-0174,MUT,WT
MB-0175,WT,WT
MB-0176,WT,WT
MB-0177,WT,WT
MB-0178,MUT,WT
MB-0179,WT,WT
MB-0180,WT,MUT
MB-0181,WT,WT
MB-0184,WT,WT
MB-0185,WT,WT
MB-0188,WT,MUT
MB-0189,WT,WT
MB-0191,MUT,WT
MB-0192,WT,WT
MB-0193,WT,MUT
MB-0194,WT,MUT
MB-0195,WT,WT
MB-0196,WT,WT
MB-0197,WT,WT
MB-0198,WT,MUT
MB-0199,WT,WT
MB-0200,MUT,WT
MB-0201,MUT,WT
MB-0202,MUT,WT
MB-0203,WT,WT
MB-0204,WT,WT
MB-0205,WT,WT
MB-0206,MUT,WT
MB-0207,WT,MUT
MB-0209,WT,WT
MB-0210,WT,WT
MB-0211,MUT,MUT
MB-0214,MUT,WT
MB-0215,WT,MUT
MB-0218,WT,WT
MB-0220,WT,WT
MB-0221,MUT,MUT
MB-0222,WT,MUT
MB-0223,WT,MUT
MB-0224,WT,MUT
MB-0225,WT,WT
MB-0226,WT,WT
MB-0227,WT,WT
MB-0228,WT,MUT
MB-0229,WT,MUT
MB-0230,MUT,WT
MB-0231,WT,WT
MB-0232,WT,MUT
MB-0233,MUT,WT
MB-0234,WT,WT
MB-0235,WT,MUT
MB-0236,MUT,WT
MB-0238,MUT,WT
MB-0239,WT,WT
MB-0241,MUT,WT
MB-0242,WT,MUT
MB-0243,WT,WT
MB-0244,WT,WT
MB-0245,WT,MUT
MB-0247,WT,MUT
MB-0248,WT,WT
MB-0249,MUT,MUT
MB-0253,WT,WT
MB-0256,WT,MUT
MB-0257,WT,MUT
MB-0258,WT,WT
MB-0259,MUT,WT
MB-0260,WT,WT
MB-0261,WT,MUT
MB-0262,MUT,WT
MB-0263,WT,WT
MB-0264,WT,WT
MB-0265,MUT,WT
MB-0266,WT,WT
MB-0268,MUT,MUT
MB-0269,WT,WT
MB-0270,WT,WT
MB-0272,WT,MUT
MB-0273,WT,MUT
MB-0275,WT,WT
MB-0278,MUT,WT
MB-0279,WT,WT
MB-0280,WT,WT
MB-0281,WT,WT
MB-0282,WT,MUT
MB-0283,WT,WT
MB-0284,MUT,WT
MB-0285,WT,MUT
MB-0286,WT,MUT
MB-0287,WT,WT
MB-0288,WT,WT
MB-0289,WT,WT
MB-0290,WT,MUT
MB-0291,WT,WT
MB-0292,MUT,MUT
MB-0293,WT,WT
MB-0294,WT,MUT
MB-0295,WT,MUT
MB-0299,WT,WT
MB-0301,WT,MUT
MB-0302,MUT,WT
MB-0303,WT,MUT
MB-0304,MUT,WT
MB-0305,WT,MUT
MB-0306,MUT,MUT
MB-0307,WT,WT
MB-0308,WT,MUT
MB-0309,WT,MUT
MB-0310,WT,MUT
MB-0311,WT,MUT
MB-0312,WT,WT
MB-0313,MUT,WT
MB-0314,MUT,WT
MB-0315,MUT,WT
MB-0316,MUT,WT
MB-0317,WT,MUT
MB-0318,WT,WT
MB-0319,WT,WT
MB-0320,WT,MUT
MB-0321,WT,MUT
MB-0322,WT,MUT
MB-0324,WT,WT
MB-0325,MUT,MUT
MB-0326,MUT,WT
MB-0327,WT,WT
MB-0328,WT,WT
MB-0329,WT,WT
MB-0330,WT,WT
MB-0333,WT,WT
MB-0335,WT,WT
MB-0336,WT,WT
MB-0339,WT,WT
MB-0340,MUT,WT
MB-0341,WT,WT
MB-0342,WT,MUT
MB-0343,WT,WT
MB-0344,MUT,WT
MB-0345,WT,MUT
MB-0346,MUT,WT
MB-0347,WT,WT
MB-0348,WT,MUT
MB-0349,WT,MUT
MB-0350,MUT,MUT
MB-0351,WT,WT
MB-0352,WT,WT
MB-0353,MUT,MUT
MB-0354,MUT,MUT
MB-0355,WT,WT
MB-0356,WT,MUT
MB-0358,MUT,MUT
MB-0359,WT,MUT
MB-0360,WT,MUT
MB-0361,MUT,WT
MB-0362,WT,MUT
MB-0363,WT,MUT
MB-0364,WT,MUT
MB-0365,MUT,WT
MB-0366,WT,WT
MB-0367,WT,WT
MB-0368,WT,WT
MB-0369,WT,WT
MB-0370,WT,WT
MB-0371,WT,WT
MB-0372,MUT,WT
MB-0373,MUT,MUT
MB-0374,WT,WT
MB-0375,MUT,WT
MB-0377,WT,MUT
MB-0378,MUT,MUT
MB-0379,WT,MUT
MB-0380,MUT,WT
MB-0381,MUT,WT
MB-0382,MUT,MUT
MB-0383,WT,WT
MB-0384,WT,WT
MB-0385,WT,WT
MB-0386,MUT,WT
MB-0388,WT,MUT
MB-0389,WT,MUT
MB-0390,WT,WT
MB-0391,WT,WT
MB-0392,WT,WT
MB-0393,WT,MUT
MB-0394,WT,WT
MB-0395,MUT,WT
MB-0396,MUT,WT
MB-0397,WT,MUT
MB-0398,MUT,MUT
MB-0399,WT,MUT
MB-0400,MUT,WT
MB-0401,MUT,WT
MB-0402,WT,MUT
MB-0403,WT,WT
MB-0404,WT,WT
MB-0405,WT,WT
MB-0406,WT,MUT
MB-0407,WT,WT
MB-0408,WT,WT
MB-0410,WT,MUT
MB-0411,MUT,WT
MB-0412,MUT,WT
MB-0413,WT,WT
MB-0414,MUT,WT
MB-0417,WT,MUT
MB-0418,WT,WT
MB-0419,WT,MUT
MB-0420,MUT,WT
MB-0421,MUT,WT
MB-0422,WT,MUT
MB-0423,WT,WT
MB-0424,WT,WT
MB-0425,WT,MUT
MB-0426,WT,WT
MB-0427,WT,WT
MB-0428,WT,WT
MB-0429,WT,WT
MB-0431,WT,WT
MB-0432,WT,WT
MB-0433,WT,WT
MB-0434,WT,MUT
MB-0435,WT,WT
MB-0436,MUT,WT
MB-0437,WT,WT
MB-0438,WT,MUT
MB-0439,WT,WT
MB-0440,WT,MUT
MB-0442,WT,MUT
MB-0443,WT,MUT
MB-0444,WT,WT
MB-0445,WT,WT
MB-0446,MUT,WT
MB-0448,WT,WT
MB-0449,WT,MUT
MB-0451,WT,MUT
MB-0452,MUT,MUT
MB-0453,MUT,WT
MB-0454,WT,WT
MB-0455,MUT,WT
MB-0458,WT,MUT
MB-0459,MUT,WT
MB-0460,WT,WT
MB-0462,MUT,WT
MB-0463,WT,MUT
MB-0464,MUT,WT
MB-0465,MUT,WT
MB-0466,WT,WT
MB-0467,MUT,MUT
MB-0468,WT,WT
MB-0469,MUT,WT
MB-0470,WT,MUT
MB-0471,WT,WT
MB-0472,WT,WT
MB-0474,MUT,WT
MB-0475,WT,MUT
MB-0476,MUT,WT
MB-0478,WT,WT
MB-0479,MUT,WT
MB-0480,MUT,MUT
MB-0481,MUT,WT
MB-0482,MUT,WT
MB-0483,WT,WT
MB-0484,MUT,WT
MB-0485,MUT,MUT
MB-0486,WT,MUT
MB-0487,WT,MUT
MB-0488,WT,WT
MB-0489,MUT,WT
MB-0490,WT,WT
MB-0491,WT,MUT
MB-0492,WT,WT
MB-0494,MUT,MUT
MB-0495,MUT,WT
MB-0496,WT,MUT
MB-0497,WT,MUT
MB-0499,WT,WT
MB-0500,MUT,WT
MB-0501,MUT,WT
MB-0502,WT,WT
MB-0503,WT,WT
MB-0504,WT,MUT
MB-0505,WT,MUT
MB-0506,MUT,MUT
MB-0507,WT,WT
MB-0508,WT,WT
MB-0509,MUT,WT
MB-0510,WT,WT
MB-0511,WT,MUT
MB-0512,WT,MUT
MB-0513,WT,WT
MB-0514,WT,MUT
MB-0516,MUT,WT
MB-0517,WT,WT
MB-0519,MUT,WT
MB-0521,WT,WT
MB-0522,MUT,WT
MB-0524,MUT,WT
MB-0525,MUT,WT
MB-0526,WT,WT
MB-0527,WT,WT
MB-0528,MUT,WT
MB-0529,WT,WT
MB-0531,WT,WT
MB-0532,WT,MUT
MB-0534,WT,MUT
MB-0535,WT,WT
MB-0536,MUT,WT
MB-0537,WT,MUT
MB-0538,WT,WT
MB-0539,WT,WT
MB-0540,WT,WT
MB-0541,WT,WT
MB-0542,WT,WT
MB-0543,WT,WT
MB-0544,WT,WT
MB-0545,MUT,WT
MB-0546,WT,WT
MB-0547,WT,MUT
MB-0549,WT,WT
MB-0550,WT,MUT
MB-0551,WT,MUT
MB-0552,WT,MUT
MB-0553,WT,WT
MB-0554,WT,MUT
MB-0558,WT,WT
MB-0559,WT,WT
MB-0564,WT,WT
MB-0568,WT,MUT
MB-0569,WT,WT
MB-0570,MUT,WT
MB-0571,WT,MUT
MB-0573,WT,WT
MB-0574,MUT,MUT
MB-0575,WT,WT
MB-0576,WT,MUT
MB-0577,WT,WT
MB-0578,WT,MUT
MB-0579,WT,MUT
MB-0580,MUT,MUT
MB-0581,MUT,MUT
MB-0582,MUT,WT
MB-0583,WT,MUT
MB-0584,WT,WT
MB-0585,MUT,WT
MB-0586,WT,WT
MB-0587,MUT,WT
MB-0588,WT,MUT
MB-0589,WT,WT
MB-0590,WT,WT
MB-0591,WT,MUT
MB-0592,WT,WT
MB-0593,WT,WT
MB-0594,WT,MUT
MB-0596,WT,MUT
MB-0597,WT,MUT
MB-0598,WT,MUT
MB-0599,WT,WT
MB-0600,WT,WT
MB-0601,MUT,WT
MB-0603,WT,MUT
MB-0605,WT,MUT
MB-0606,WT,WT
MB-0607,MUT,MUT
MB-0608,MUT,WT
MB-0609,MUT,WT
MB-0610,WT,WT
MB-0611,MUT,MUT
MB-0613,MUT,MUT
MB-0614,WT,WT
MB-0615,MUT,WT
MB-0616,WT,WT
MB-0617,WT,WT
MB-0618,WT,MUT
MB-0619,WT,WT
MB-0620,WT,WT
MB-0621,WT,MUT
MB-0623,WT,MUT
MB-0624,WT,MUT
MB-0626,MUT,WT
MB-0627,MUT,MUT
MB-0628,WT,WT
MB-0630,WT,WT
MB-0631,WT,MUT
MB-0632,WT,MUT
MB-0634,WT,WT
MB-0635,WT,WT
MB-0636,MUT,WT
MB-0637,MUT,WT
MB-0638,WT,MUT
MB-0639,MUT,WT
MB-0640,WT,MUT
MB-0641,WT,WT
MB-0642,WT,MUT
MB-0643,MUT,WT
MB-0644,WT,MUT
MB-0646,WT,MUT
MB-0649,WT,MUT
MB-0650,WT,WT
MB-0652,MUT,MUT
MB-0653,MUT,MUT
MB-0654,WT,MUT
MB-0655,WT,MUT
MB-0656,MUT,WT
MB-0657,WT,MUT
MB-0658,MUT,WT
MB-0659,WT,WT
MB-0660,MUT,WT
MB-0661,WT,WT
MB-0662,MUT,WT
MB-0663,MUT,WT
MB-0664,MUT,WT
MB-0666,WT,MUT
MB-0667,WT,WT
MB-0869,MUT,WT
MB-0872,WT,MUT
MB-0874,MUT,WT
MB-0876,WT,WT
MB-0877,MUT,MUT
MB-0880,WT,MUT
MB-0882,MUT,WT
MB-0884,MUT,MUT
MB-0885,WT,WT
MB-0891,WT,MUT
MB-0893,WT,WT
MB-0895,MUT,WT
MB-0897,WT,MUT
MB-0899,WT,MUT
MB-0901,MUT,WT
MB-0904,WT,MUT
MB-0906,MUT,MUT
MB-0907,WT,WT
MB-2513,MUT,MUT
MB-2517,MUT,MUT
MB-2536,WT,MUT
MB-2556,WT,WT
MB-2564,WT,MUT
MB-2610,WT,MUT
MB-2613,WT,WT
MB-2614,WT,MUT
MB-2616,MUT,WT
MB-2617,MUT,MUT
MB-2618,WT,WT
MB-2624,WT,MUT
MB-2626,WT,WT
MB-2629,WT,WT
MB-2632,MUT,WT
MB-2634,WT,WT
MB-2642,WT,WT
MB-2643,WT,WT
MB-2645,MUT,WT
MB-2669,WT,WT
MB-2686,WT,WT
MB-2705,WT,MUT
MB-2708,MUT,WT
MB-2711,WT,WT
MB-2712,WT,MUT
MB-2718,MUT,WT
MB-2720,WT,WT
MB-2721,WT,MUT
MB-2724,WT,WT
MB-2725,WT,WT
MB-2728,WT,MUT
MB-2730,WT,WT
MB-2735,WT,MUT
MB-2742,MUT,MUT
MB-2744,WT,MUT
MB-2745,WT,MUT
MB-2747,WT,WT
MB-2749,WT,MUT
MB-2750,WT,WT
MB-2752,WT,WT
MB-2753,MUT,WT
MB-2754,WT,WT
MB-2758,MUT,MUT
MB-2760,WT,MUT
MB-2763,WT,MUT
MB-2764,WT,WT
MB-2765,WT,MUT
MB-2767,WT,WT
MB-2769,WT,WT
MB-2770,MUT,WT
MB-2771,MUT,WT
MB-2772,WT,WT
MB-2774,WT,MUT
MB-2778,WT,WT
MB-2779,MUT,MUT
MB-2781,WT,WT
MB-2786,WT,MUT
MB-2790,WT,MUT
MB-2791,WT,MUT
MB-2792,WT,WT
MB-2793,WT,MUT
MB-2795,WT,WT
MB-2796,MUT,MUT
MB-2797,WT,WT
MB-2801,MUT,WT
MB-2803,WT,MUT
MB-2814,WT,WT
MB-2815,WT,MUT
MB-2819,WT,MUT
MB-2820,WT,WT
MB-2821,WT,WT
MB-2823,WT,WT
MB-2827,MUT,WT
MB-2833,MUT,WT
MB-2834,MUT,MUT
MB-2835,WT,MUT
MB-2838,WT,MUT
MB-2840,WT,MUT
MB-2842,MUT,WT
MB-2843,MUT,WT
MB-2844,MUT,MUT
MB-2845,WT,MUT
MB-2846,MUT,MUT
MB-2847,MUT,WT
MB-2848,WT,WT
MB-2849,MUT,MUT
MB-2850,WT,WT
MB-2851,MUT,WT
MB-2853,WT,WT
MB-2854,MUT,WT
MB-2857,MUT,MUT
MB-2858,MUT,MUT
MB-2863,WT,WT
MB-2867,WT,MUT
MB-2895,MUT,MUT
MB-2896,WT,MUT
MB-2900,MUT,WT
MB-2901,WT,WT
MB-2904,MUT,WT
MB-2912,MUT,WT
MB-2916,WT,MUT
MB-2917,MUT,WT
MB-2919,WT,WT
MB-2922,MUT,WT
MB-2923,WT,MUT
MB-2927,WT,MUT
MB-2929,MUT,WT
MB-2931,MUT,WT
MB-2932,WT,WT
MB-2933,WT,MUT
MB-2939,WT,MUT
MB-2944,MUT,MUT
MB-2947,WT,WT
MB-2951,WT,WT
MB-2952,WT,MUT
MB-2953,MUT,MUT
MB-2954,WT,WT
MB-2957,MUT,WT
MB-2960,WT,WT
MB-2963,MUT,WT
MB-2964,MUT,MUT
MB-2966,WT,WT
MB-2969,WT,MUT
MB-2970,MUT,WT
MB-2971,WT,MUT
MB-2977,WT,MUT
MB-2983,MUT,WT
MB-2984,MUT,WT
MB-2990,WT,MUT
MB-2993,WT,WT
MB-2994,WT,WT
MB-2996,WT,WT
MB-2999,WT,WT
MB-3001,MUT,WT
MB-3002,WT,WT
MB-3005,WT,MUT
MB-3006,WT,MUT
MB-3007,WT,MUT
MB-3008,WT,MUT
MB-3013,WT,WT
MB-3014,MUT,WT
MB-3016,MUT,WT
MB-3021,WT,WT
MB-3025,MUT,WT
MB-3026,WT,WT
MB-3028,MUT,WT
MB-3031,WT,WT
MB-3032,WT,MUT
MB-3033,WT,MUT
MB-3035,WT,WT
MB-3037,WT,MUT
MB-3046,MUT,WT
MB-3049,WT,MUT
MB-3050,MUT,WT
MB-3057,MUT,WT
MB-3058,WT,WT
MB-3060,WT,WT
MB-3062,MUT,WT
MB-3063,MUT,WT
MB-3064,WT,MUT
MB-3067,MUT,WT
MB-3079,WT,MUT
MB-3083,WT,WT
MB-3085,WT,WT
MB-3088,WT,WT
MB-3092,WT,WT
MB-3102,WT,WT
MB-3103,WT,WT
MB-3104,WT,MUT
MB-3105,WT,MUT
MB-3110,WT,MUT
MB-3121,WT,WT
MB-3122,MUT,MUT
MB-3123,MUT,MUT
MB-3153,MUT,WT
MB-3165,MUT,WT
MB-3167,WT,WT
MB-3171,WT,MUT
MB-3181,MUT,MUT
MB-3211,WT,WT
MB-3218,MUT,WT
MB-3222,WT,MUT
MB-3228,WT,MUT
MB-3235,MUT,WT
MB-3252,WT,WT
MB-3253,MUT,MUT
MB-3254,WT,MUT
MB-3266,MUT,MUT
MB-3271,MUT,WT
MB-3272,MUT,WT
MB-3275,WT,WT
MB-3277,MUT,WT
MB-3292,MUT,WT
MB-3295,MUT,MUT
MB-3297,MUT,WT
MB-3298,WT,MUT
MB-3300,WT,WT
MB-3301,WT,WT
MB-3303,WT,WT
MB-3328,WT,MUT
MB-3329,MUT,WT
MB-3341,WT,WT
MB-3344,WT,MUT
MB-3350,WT,WT
MB-3351,WT,MUT
MB-3355,MUT,WT
MB-3357,MUT,WT
MB-3360,MUT,WT
MB-3361,MUT,MUT
MB-3363,WT,WT
MB-3365,WT,WT
MB-3367,MUT,WT
MB-3371,WT,WT
MB-3378,WT,MUT
MB-3379,WT,MUT
MB-3381,WT,MUT
MB-3382,WT,WT
MB-3383,MUT,WT
MB-3386,MUT,WT
MB-3388,MUT,MUT
MB-3389,WT,WT
MB-3395,MUT,WT
MB-3396,MUT,MUT
MB-3402,WT,MUT
MB-3403,WT,MUT
MB-3412,WT,MUT
MB-3417,WT,WT
MB-3429,WT,WT
MB-3430,WT,MUT
MB-3435,WT,MUT
MB-3436,WT,MUT
MB-3437,WT,WT
MB-3439,WT,MUT
MB-3450,WT,MUT
MB-3452,MUT,WT
MB-3453,MUT,MUT
MB-3459,WT,MUT
MB-3462,WT,WT
MB-3466,WT,WT
MB-3467,MUT,WT
MB-3470,MUT,WT
MB-3476,MUT,WT
MB-3479,WT,WT
MB-3487,WT,WT
MB-3488,MUT,WT
MB-3490,WT,MUT
MB-3492,WT,MUT
MB-3497,WT,WT
MB-3500,MUT,WT
MB-3502,MUT,WT
MB-3506,WT,WT
MB-3510,WT,MUT
MB-3525,WT,MUT
MB-3526,MUT,MUT
MB-3528,WT,MUT
MB-3530,WT,MUT
MB-3536,MUT,MUT
MB-3545,MUT,MUT
MB-3547,WT,WT
MB-3548,WT,WT
MB-3556,WT,WT
MB-3567,MUT,WT
MB-3576,MUT,WT
MB-3582,WT,MUT
MB-3600,WT,WT
MB-3606,MUT,MUT
MB-3614,WT,WT
MB-3702,MUT,WT
MB-3706,MUT,WT
MB-3707,MUT,MUT
MB-3711,WT,WT
MB-3748,MUT,WT
MB-3752,MUT,WT
MB-3754,WT,MUT
MB-3781,WT,MUT
MB-3797,WT,WT
MB-3823,WT,WT
MB-3824,MUT,MUT
MB-3838,WT,WT
MB-3840,MUT,WT
MB-3842,WT,WT
MB-3850,WT,MUT
MB-3852,MUT,MUT
MB-3854,WT,MUT
MB-3865,WT,WT
MB-3866,MUT,WT
MB-3871,WT,MUT
MB-3874,MUT,MUT
MB-3978,MUT,WT
MB-4000,WT,WT
MB-4001,WT,WT
MB-4003,MUT,WT
MB-4004,WT,WT
MB-4005,MUT,WT
MB-4008,WT,MUT
MB-4010,WT,WT
MB-4011,MUT,WT
MB-4012,WT,MUT
MB-4015,MUT,WT
MB-4017,WT,WT
MB-4018,WT,WT
MB-4024,MUT,WT
MB-4033,MUT,WT
MB-4046,WT,MUT
MB-4059,WT,MUT
MB-4079,MUT,MUT
MB-4091,WT,WT
MB-4098,WT,WT
MB-4119,WT,WT
MB-4120,WT,WT
MB-4126,MUT,MUT
MB-4127,MUT,WT
MB-4139,WT,WT
MB-4140,WT,WT
MB-4141,WT,MUT
MB-4145,MUT,WT
MB-4146,WT,WT
MB-4148,WT,WT
MB-4154,MUT,MUT
MB-4171,WT,MUT
MB-4173,WT,WT
MB-4189,MUT,WT
MB-4212,WT,MUT
MB-4213,WT,WT
MB-4222,WT,MUT
MB-4224,WT,WT
MB-4230,WT,MUT
MB-4233,MUT,WT
MB-4234,WT,WT
MB-4235,WT,MUT
MB-4236,WT,WT
MB-4250,MUT,WT
MB-4254,MUT,WT
MB-4264,WT,WT
MB-4266,WT,WT
MB-4270,MUT,WT
MB-4274,WT,MUT
MB-4276,MUT,WT
MB-4278,WT,MUT
MB-4281,MUT,MUT
MB-4282,MUT,WT
MB-4283,WT,MUT
MB-4289,WT,WT
MB-4292,WT,WT
MB-4293,WT,MUT
MB-4298,WT,WT
MB-4300,MUT,WT
MB-4303,MUT,WT
MB-4306,WT,MUT
MB-4310,WT,MUT
MB-4313,WT,MUT
MB-4317,MUT,WT
MB-4318,WT,WT
MB-4322,WT,MUT
MB-4323,WT,MUT
MB-4324,WT,WT
MB-4328,MUT,WT
MB-4329,WT,MUT
MB-4331,WT,WT
MB-4332,MUT,WT
MB-4333,MUT,MUT
MB-4339,WT,WT
MB-4341,MUT,WT
MB-4342,WT,MUT
MB-4343,MUT,MUT
MB-4348,WT,WT
MB-4350,MUT,WT
MB-4351,MUT,WT
MB-4353,WT,MUT
MB-4354,WT,MUT
MB-4357,MUT,MUT
MB-4360,MUT,MUT
MB-4362,WT,MUT
MB-4368,WT,MUT
MB-4374,WT,MUT
MB-4375,WT,WT
MB-4381,WT,MUT
MB-4390,WT,MUT
MB-4395,WT,WT
MB-4407,MUT,WT
MB-4408,MUT,WT
MB-4416,MUT,WT
MB-4417,MUT,MUT
MB-4418,WT,WT
MB-4421,WT,MUT
MB-4426,MUT,MUT
MB-4434,WT,WT
MB-4442,WT,WT
MB-4484,WT,MUT
MB-4529,WT,WT
MB-4548,MUT,WT
MB-4557,WT,MUT
MB-4564,WT,WT
MB-4578,WT,MUT
MB-4591,WT,WT
MB-4593,WT,WT
MB-4598,WT,MUT
MB-4599,WT,WT
MB-4601,MUT,WT
MB-4602,WT,WT
MB-4603,WT,MUT
MB-4607,WT,MUT
MB-4616,WT,MUT
MB-4618,WT,WT
MB-4621,MUT,WT
MB-4622,MUT,WT
MB-4623,MUT,WT
MB-4626,WT,WT
MB-4627,WT,MUT
MB-4630,WT,WT
MB-4633,WT,MUT
MB-4634,WT,WT
MB-4639,WT,MUT
MB-4640,MUT,WT
MB-4641,WT,MUT
MB-4642,WT,WT
MB-4643,MUT,WT
MB-4644,MUT,MUT
MB-4648,WT,WT
MB-4649,MUT,MUT
MB-4651,MUT,WT
MB-4653,MUT,MUT
MB-4654,WT,MUT
MB-4655,MUT,WT
MB-4660,MUT,WT
MB-4661,WT,MUT
MB-4663,MUT,MUT
MB-4665,WT,WT
MB-4666,MUT,MUT
MB-4667,MUT,WT
MB-4669,WT,WT
MB-4670,WT,WT
MB-4671,WT,WT
MB-4672,WT,WT
MB-4673,WT,WT
MB-4674,WT,WT
MB-4675,WT,MUT
MB-4679,MUT,WT
MB-4681,WT,WT
MB-4682,WT,MUT
MB-4685,WT,WT
MB-4686,WT,MUT
MB-4687,MUT,MUT
MB-4688,WT,WT
MB-4691,MUT,MUT
MB-4692,WT,MUT
MB-4694,MUT,WT
MB-4695,WT,MUT
MB-4696,MUT,WT
MB-4697,WT,MUT
MB-4698,WT,MUT
MB-4701,WT,WT
MB-4702,WT,WT
MB-4704,WT,WT
MB-4705,WT,MUT
MB-4706,WT,WT
MB-4707,MUT,WT
MB-4708,WT,MUT
MB-4709,WT,MUT
MB-4710,WT,WT
MB-4711,MUT,WT
MB-4712,MUT,MUT
MB-4714,MUT,WT
MB-4715,MUT,WT
MB-4716,WT,WT
MB-4717,MUT,WT
MB-4718,WT,MUT
MB-4719,MUT,WT
MB-4721,WT,WT
MB-4722,WT,MUT
MB-4723,WT,MUT
MB-4724,MUT,MUT
MB-4725,MUT,WT
MB-4729,MUT,WT
MB-4730,WT,MUT
MB-4731,MUT,WT
MB-4732,MUT,WT
MB-4733,MUT,MUT
MB-4735,WT,WT
MB-4737,WT,WT
MB-4738,WT,MUT
MB-4739,WT,MUT
MB-4741,MUT,MUT
MB-4742,WT,MUT
MB-4743,WT,MUT
MB-4744,WT,WT
MB-4745,MUT,WT
MB-4746,WT,MUT
MB-4749,WT,MUT
MB-4750,WT,MUT
MB-4752,MUT,WT
MB-4757,MUT,WT
MB-4758,MUT,WT
MB-4760,WT,MUT
MB-4762,WT,MUT
MB-4763,MUT,MUT
MB-4764,WT,MUT
MB-4767,WT,WT
MB-4769,WT,MUT
MB-4770,MUT,WT
MB-4771,WT,MUT
MB-4778,WT,WT
MB-4779,WT,MUT
MB-4782,WT,WT
MB-4784,WT,WT
MB-4785,WT,WT
MB-4787,WT,MUT
MB-4790,WT,WT
MB-4791,MUT,MUT
MB-4792,MUT,WT
MB-4793,MUT,WT
MB-4794,WT,WT
MB-4796,WT,WT
MB-4797,WT,WT
MB-4798,WT,WT
MB-4800,WT,MUT
MB-4801,WT,MUT
MB-4802,WT,MUT
MB-4805,WT,WT
MB-4806,WT,WT
MB-4809,MUT,WT
MB-4814,MUT,MUT
MB-4818,WT,WT
MB-4820,WT,WT
MB-4822,WT,MUT
MB-4823,WT,WT
MB-4825,WT,WT
MB-4827,WT,MUT
MB-4828,WT,WT
MB-4829,WT,MUT
MB-4832,WT,MUT
MB-4834,WT,WT
MB-4836,WT,MUT
MB-4838,MUT,WT
MB-4839,WT,WT
MB-4843,WT,MUT
MB-4845,WT,MUT
MB-4846,WT,MUT
MB-4849,WT,MUT
MB-4851,WT,MUT
MB-4853,WT,WT
MB-4855,MUT,WT
MB-4858,MUT,WT
MB-4859,WT,MUT
MB-4860,MUT,MUT
MB-4862,MUT,WT
MB-4865,MUT,WT
MB-4866,WT,WT
MB-4867,WT,MUT
MB-4869,WT,MUT
MB-4870,WT,WT
MB-4871,WT,MUT
MB-4872,WT,MUT
MB-4873,WT,MUT
MB-4876,WT,WT
MB-4878,WT,MUT
MB-4879,MUT,WT
MB-4880,MUT,WT
MB-4881,MUT,WT
MB-4882,WT,MUT
MB-4883,WT,MUT
MB-4886,MUT,WT
MB-4887,MUT,MUT
MB-4888,MUT,WT
MB-4893,MUT,WT
MB-4894,MUT,WT
MB-4896,MUT,WT
MB-4897,WT,MUT
MB-4898,WT,MUT
MB-4899,WT,MUT
MB-4900,MUT,WT
MB-4904,WT,MUT
MB-4906,WT,WT
MB-4908,MUT,WT
MB-4911,MUT,WT
MB-4912,WT,MUT
MB-4925,WT,WT
MB-4928,MUT,MUT
MB-4929,MUT,WT
MB-4930,MUT,MUT
MB-4931,MUT,WT
MB-4933,WT,WT
MB-4934,WT,WT
MB-4935,WT,WT
MB-4937,WT,WT
MB-4938,WT,MUT
MB-4941,WT,WT
MB-4942,MUT,MUT
MB-4944,WT,MUT
MB-4945,MUT,WT
MB-4949,MUT,MUT
MB-4950,WT,WT
MB-4952,MUT,WT
MB-4956,WT,WT
MB-4957,WT,WT
MB-4959,WT,MUT
MB-4961,WT,MUT
MB-4962,WT,MUT
MB-4965,WT,WT
MB-4966,WT,MUT
MB-4967,WT,MUT
MB-4968,WT,WT
MB-4969,WT,MUT
MB-4970,WT,MUT
MB-4974,MUT,MUT
MB-4976,WT,MUT
MB-4977,WT,WT
MB-4978,WT,WT
MB-4981,WT,MUT
MB-4982,MUT,MUT
MB-4986,WT,WT
MB-4987,WT,WT
MB-4991,WT,WT
MB-4992,WT,WT
MB-4993,MUT,WT
MB-4994,WT,WT
MB-4996,WT,MUT
MB-4998,WT,MUT
MB-4999,WT,WT
MB-5001,WT,WT
MB-5004,MUT,WT
MB-5008,MUT,WT
MB-5011,WT,MUT
MB-5013,WT,MUT
MB-5014,WT,MUT
MB-5015,WT,WT
MB-5017,MUT,WT
MB-5018,WT,WT
MB-5019,MUT,MUT
MB-5020,WT,MUT
MB-5022,WT,WT
MB-5027,WT,MUT
MB-5033,WT,WT
MB-5035,WT,MUT
MB-5039,WT,WT
MB-5040,WT,WT
MB-5041,MUT,WT
MB-5043,WT,MUT
MB-5044,WT,WT
MB-5045,MUT,WT
MB-5048,WT,MUT
MB-5049,WT,WT
MB-5050,WT,MUT
MB-5052,MUT,MUT
MB-5053,WT,MUT
MB-5054,MUT,MUT
MB-5057,MUT,WT
MB-5058,MUT,MUT
MB-5059,WT,WT
MB-5060,WT,MUT
MB-5061,WT,WT
MB-5062,WT,WT
MB-5063,MUT,WT
MB-5064,WT,WT
MB-5065,MUT,WT
MB-5066,WT,MUT
MB-5068,WT,WT
MB-5070,WT,WT
MB-5072,MUT,MUT
MB-5073,WT,WT
MB-5074,WT,WT
MB-5076,WT,WT
MB-5078,MUT,WT
MB-5079,WT,MUT
MB-5081,MUT,WT
MB-5084,WT,WT
MB-5086,WT,MUT
MB-5088,WT,MUT
MB-5092,WT,MUT
MB-5093,WT,WT
MB-5097,MUT,WT
MB-5098,WT,WT
MB-5100,MUT,WT
MB-5101,MUT,WT
MB-5102,MUT,WT
MB-5104,WT,WT
MB-5105,WT,MUT
MB-5106,WT,WT
MB-5107,WT,MUT
MB-5109,WT,WT
MB-5110,WT,MUT
MB-5113,WT,WT
MB-5114,MUT,WT
MB-5115,WT,WT
MB-5116,WT,WT
MB-5117,WT,WT
MB-5118,WT,WT
MB-5119,MUT,MUT
MB-5120,MUT,MUT
MB-5121,WT,MUT
MB-5122,WT,WT
MB-5123,WT,MUT
MB-5124,WT,MUT
MB-5126,MUT,WT
MB-5127,WT,WT
MB-5130,MUT,MUT
MB-5131,WT,WT
MB-5134,WT,MUT
MB-5135,MUT,WT
MB-5136,WT,WT
MB-5137,WT,WT
MB-5138,MUT,MUT
MB-5139,WT,WT
MB-5140,WT,WT
MB-5143,WT,MUT
MB-5144,WT,WT
MB-5145,MUT,WT
MB-5147,WT,MUT
MB-5148,WT,MUT
MB-5150,WT,WT
MB-5152,WT,WT
MB-5154,MUT,WT
MB-5155,WT,MUT
MB-5157,MUT,MUT
MB-5158,WT,WT
MB-5160,WT,WT
MB-5161,WT,MUT
MB-5162,WT,WT
MB-5163,WT,MUT
MB-5164,WT,WT
MB-5166,MUT,MUT
MB-5167,WT,MUT
MB-5169,WT,MUT
MB-5171,WT,WT
MB-5172,WT,WT
MB-5173,MUT,WT
MB-5174,MUT,WT
MB-5175,MUT,WT
MB-5176,WT,WT
MB-5177,WT,WT
MB-5178,WT,WT
MB-5179,MUT,MUT
MB-5182,WT,MUT
MB-5183,WT,MUT
MB-5184,WT,MUT
MB-5185,WT,MUT
MB-5186,MUT,WT
MB-5188,WT,WT
MB-5189,MUT,WT
MB-5190,MUT,MUT
MB-5191,WT,WT
MB-5193,WT,MUT
MB-5195,MUT,WT
MB-5196,WT,MUT
MB-5197,WT,WT
MB-5199,MUT,WT
MB-5200,WT,MUT
MB-5201,WT,MUT
MB-5204,WT,MUT
MB-5205,MUT,WT
MB-5206,WT,WT
MB-5208,MUT,WT
MB-5209,MUT,WT
MB-5211,WT,MUT
MB-5212,WT,WT
MB-5213,MUT,MUT
MB-5214,WT,WT
MB-5215,WT,WT
MB-5218,WT,WT
MB-5219,WT,WT
MB-5221,WT,MUT
MB-5222,WT,WT
MB-5223,MUT,WT
MB-5224,WT,MUT
MB-5225,MUT,MUT
MB-5226,WT,WT
MB-5227,WT,MUT
MB-5228,MUT,WT
MB-5229,MUT,MUT
MB-5230,WT,WT
MB-5231,MUT,WT
MB-5232,MUT,WT
MB-5233,WT,MUT
MB-5235,MUT,WT
MB-5236,MUT,WT
MB-5238,WT,WT
MB-5239,WT,WT
MB-5240,WT,WT
MB-5243,MUT,WT
MB-5244,WT,MUT
MB-5251,WT,MUT
MB-5253,WT,MUT
MB-5255,WT,WT
MB-5256,WT,WT
MB-5258,MUT,WT
MB-5259,MUT,MUT
MB-5260,WT,WT
MB-5261,WT,WT
MB-5264,WT,WT
MB-5266,MUT,WT
MB-5267,WT,MUT
MB-5268,WT,MUT
MB-5270,WT,MUT
MB-5271,MUT,WT
MB-5272,MUT,MUT
MB-5273,WT,WT
MB-5275,WT,MUT
MB-5277,WT,WT
MB-5278,WT,WT
MB-5279,WT,MUT
MB-5280,WT,MUT
MB-5281,WT,MUT
MB-5284,WT,WT
MB-5287,WT,MUT
MB-5288,MUT,MUT
MB-5289,WT,WT
MB-5290,WT,WT
MB-5291,WT,WT
MB-5292,MUT,MUT
MB-5293,WT,MUT
MB-5294,MUT,WT
MB-5295,MUT,WT
MB-5296,MUT,WT
MB-5298,MUT,WT
MB-5299,MUT,MUT
MB-5300,WT,WT
MB-5301,WT,WT
MB-5302,WT,WT
MB-5305,WT,WT
MB-5306,WT,WT
MB-5308,WT,MUT
MB-5310,WT,MUT
MB-5311,WT,WT
MB-5312,WT,WT
MB-5313,MUT,MUT
MB-5315,MUT,MUT
MB-5317,WT,WT
MB-5318,MUT,WT
MB-5322,WT,MUT
MB-5323,WT,WT
MB-5324,WT,MUT
MB-5325,WT,WT
MB-5326,WT,MUT
MB-5327,MUT,WT
MB-5328,WT,WT
MB-5329,MUT,MUT
MB-5330,WT,WT
MB-5331,WT,WT
MB-5332,MUT,MUT
MB-5334,WT,MUT
MB-5335,MUT,WT
MB-5338,MUT,MUT
MB-5339,WT,WT
MB-5341,WT,WT
MB-5345,WT,MUT
MB-5346,MUT,WT
MB-5347,WT,WT
MB-5348,MUT,WT
MB-5349,WT,WT
MB-5350,WT,WT
MB-5351,WT,WT
MB-5358,WT,WT
MB-5360,WT,MUT
MB-5361,MUT,WT
MB-5364,WT,WT
MB-5365,WT,MUT
MB-5366,WT,MUT
MB-5368,WT,MUT
MB-5369,WT,WT
MB-5370,WT,WT
MB-5373,WT,MUT
MB-5377,WT,MUT
MB-5378,MUT,MUT
MB-5381,MUT,WT
MB-5382,WT,MUT
MB-5383,WT,MUT
MB-5384,WT,WT
MB-5385,WT,WT
MB-5386,WT,MUT
MB-5387,WT,WT
MB-5388,WT,MUT
MB-5389,WT,WT
MB-5390,MUT,WT
MB-5392,MUT,MUT
MB-5393,WT,WT
MB-5394,WT,WT
MB-5395,WT,MUT
MB-5396,MUT,WT
MB-5397,MUT,MUT
MB-5398,WT,MUT
MB-5399,WT,MUT
MB-5401,WT,MUT
MB-5402,WT,MUT
MB-5403,WT,WT
MB-5404,WT,WT
MB-5405,WT,WT
MB-5406,WT,MUT
MB-5407,WT,WT
MB-5408,WT,WT
MB-5409,MUT,MUT
MB-5410,WT,MUT
MB-5411,MUT,WT
MB-5412,WT,MUT
MB-5413,WT,WT
MB-5414,MUT,WT
MB-5417,MUT,MUT
MB-5418,WT,MUT
MB-5420,WT,WT
MB-5421,MUT,WT
MB-5422,WT,MUT
MB-5424,WT,MUT
MB-5425,WT,MUT
MB-5426,MUT,WT
MB-5427,MUT,WT
MB-5428,WT,MUT
MB-5429,WT,WT
MB-5431,MUT,WT
MB-5432,WT,WT
MB-5433,WT,WT
MB-5434,WT,MUT
MB-5435,WT,WT
MB-5440,MUT,WT
MB-5441,MUT,MUT
MB-5442,MUT,WT
MB-5444,WT,WT
MB-5446,WT,MUT
MB-5447,WT,WT
MB-5450,MUT,WT
MB-5451,WT,MUT
MB-5452,WT,MUT
MB-5453,WT,MUT
MB-5454,MUT,WT
MB-5455,WT,WT
MB-5457,WT,WT
MB-5458,MUT,MUT
MB-5459,WT,WT
MB-5460,WT,WT
MB-5463,WT,WT
MB-5464,WT,WT
MB-5465,MUT,WT
MB-5467,WT,WT
MB-5468,MUT,WT
MB-5470,WT,MUT
MB-5471,MUT,MUT
MB-5472,WT,MUT
MB-5473,WT,MUT
MB-5474,MUT,WT
MB-5475,MUT,WT
MB-5477,WT,WT
MB-5478,WT,MUT
MB-5481,MUT,MUT
MB-5482,MUT,MUT
MB-5483,MUT,MUT
MB-5484,WT,MUT
MB-5485,WT,WT
MB-5486,WT,MUT
MB-5489,WT,MUT
MB-5490,WT,WT
MB-5491,WT,MUT
MB-5492,WT,WT
MB-5493,MUT,MUT
MB-5495,WT,MUT
MB-5497,WT,WT
MB-5498,MUT,WT
MB-5499,WT,MUT
MB-5502,MUT,MUT
MB-5505,WT,MUT
MB-5510,WT,MUT
MB-5511,MUT,MUT
MB-5513,MUT,MUT
MB-5514,WT,WT
MB-5518,MUT,WT
MB-5519,WT,WT
MB-5520,MUT,MUT
MB-5521,WT,MUT
MB-5525,MUT,MUT
MB-5526,MUT,MUT
MB-5527,WT,MUT
MB-5529,MUT,WT
MB-5530,WT,WT
MB-5531,MUT,WT
MB-5532,WT,WT
MB-5533,MUT,MUT
MB-5534,WT,MUT
MB-5535,MUT,WT
MB-5540,MUT,WT
MB-5541,WT,WT
MB-5543,MUT,MUT
MB-5546,WT,WT
MB-5547,MUT,WT
MB-5548,MUT,WT
MB-5549,MUT,WT
MB-5550,WT,WT
MB-5551,MUT,WT
MB-5552,WT,WT
MB-5553,WT,MUT
MB-5554,WT,MUT
MB-5556,WT,WT
MB-5558,MUT,MUT
MB-5559,MUT,WT
MB-5560,MUT,WT
MB-5562,WT,WT
MB-5563,WT,WT
MB-5565,MUT,WT
MB-5566,MUT,WT
MB-5567,WT,MUT
MB-5571,WT,WT
MB-5572,WT,WT
MB-5575,WT,WT
MB-5576,WT,WT
MB-5577,MUT,WT
MB-5579,WT,MUT
MB-5580,WT,MUT
MB-5582,WT,MUT
MB-5583,WT,WT
MB-5584,MUT,MUT
MB-5585,WT,WT
MB-5588,MUT,WT
MB-5589,WT,MUT
MB-5590,MUT,MUT
MB-5591,WT,MUT
MB-5592,WT,MUT
MB-5593,MUT,MUT
MB-5596,WT,WT
MB-5597,WT,WT
MB-5599,WT,MUT
MB-5601,WT,MUT
MB-5602,MUT,WT
MB-5603,WT,MUT
MB-5604,WT,WT
MB-5605,WT,WT
MB-5613,MUT,WT
MB-5614,MUT,MUT
MB-5616,MUT,WT
MB-5617,WT,WT
MB-5620,WT,MUT
MB-5622,WT,WT
MB-5623,WT,MUT
MB-5624,MUT,WT
MB-5625,WT,WT
MB-5626,WT,MUT
MB-5628,MUT,MUT
MB-5629,WT,MUT
MB-5632,WT,WT
MB-5633,WT,WT
MB-5634,MUT,WT
MB-5635,WT,WT
MB-5636,WT,WT
MB-5638,WT,WT
MB-5640,WT,WT
MB-5641,WT,MUT
MB-5642,WT,WT
MB-5645,WT,MUT
MB-5646,WT,WT
MB-5647,WT,WT
MB-5648,WT,WT
MB-5651,MUT,WT
MB-5652,MUT,WT
MB-5653,WT,MUT
MB-5654,WT,MUT
MB-5655,MUT,WT
MB-5656,WT,MUT
MB-6001,MUT,WT
MB-6006,WT,MUT
MB-6007,MUT,MUT
MB-6008,WT,WT
MB-6010,MUT,WT
MB-6011,WT,WT
MB-6012,WT,MUT
MB-6014,WT,MUT
MB-6016,WT,WT
MB-6017,WT,MUT
MB-6018,WT,MUT
MB-6019,MUT,MUT
MB-6020,WT,WT
MB-6021,WT,MUT
MB-6022,WT,MUT
MB-6023,WT,WT
MB-6024,WT,WT
MB-6026,MUT,WT
MB-6029,WT,MUT
MB-6030,WT,MUT
MB-6036,MUT,WT
MB-6039,MUT,MUT
MB-6042,WT,MUT
MB-6044,MUT,MUT
MB-6047,MUT,MUT
MB-6048,MUT,WT
MB-6049,MUT,MUT
MB-6050,MUT,MUT
MB-6051,WT,MUT
MB-6052,WT,WT
MB-6053,MUT,MUT
MB-6055,MUT,WT
MB-6058,MUT,WT
MB-6059,MUT,WT
MB-6060,WT,MUT
MB-6062,MUT,WT
MB-6063,WT,WT
MB-6065,WT,MUT
MB-6068,MUT,WT
MB-6069,WT,MUT
MB-6071,MUT,MUT
MB-6075,WT,WT
MB-6077,WT,MUT
MB-6079,WT,MUT
MB-6080,MUT,MUT
MB-6082,WT,WT
MB-6083,WT,WT
MB-6085,WT,MUT
MB-6092,WT,MUT
MB-6097,WT,WT
MB-6098,MUT,WT
MB-6100,MUT,WT
MB-6101,WT,MUT
MB-6103,WT,MUT
MB-6105,WT,MUT
MB-6107,WT,MUT
MB-6108,WT,WT
MB-6113,MUT,WT
MB-6114,MUT,WT
MB-6116,MUT,MUT
MB-6118,WT,MUT
MB-6122,MUT,WT
MB-6124,WT,WT
MB-6125,WT,WT
MB-6131,MUT,WT
MB-6133,WT,MUT
MB-6135,MUT,MUT
MB-6138,WT,MUT
MB-6141,WT,WT
MB-6143,MUT,WT
MB-6144,MUT,WT
MB-6145,WT,WT
MB-6146,MUT,WT
MB-6147,WT,WT
MB-6149,WT,WT
MB-6150,WT,MUT
MB-6152,MUT,MUT
MB-6154,WT,WT
MB-6156,MUT,WT
MB-6157,MUT,WT
MB-6160,MUT,WT
MB-6163,WT,MUT
MB-6164,WT,MUT
MB-6167,WT,WT
MB-6168,WT,MUT
MB-6169,MUT,WT
MB-6171,WT,WT
MB-6178,MUT,WT
MB-6179,MUT,MUT
MB-6181,WT,WT
MB-6182,MUT,MUT
MB-6183,WT,WT
MB-6184,MUT,MUT
MB-6185,WT,MUT
MB-6187,WT,WT
MB-6188,MUT,WT
MB-6189,WT,WT
MB-6190,WT,WT
MB-6192,MUT,MUT
MB-6194,MUT,MUT
MB-6195,WT,MUT
MB-6200,MUT,MUT
MB-6201,WT,WT
MB-6204,MUT,MUT
MB-6206,WT,MUT
MB-6207,WT,MUT
MB-6208,WT,MUT
MB-6211,WT,MUT
MB-6212,WT,MUT
MB-6213,WT,WT
MB-6214,WT,MUT
MB-6217,WT,WT
MB-6218,WT,WT
MB-6223,MUT,WT
MB-6224,MUT,WT
MB-6225,MUT,MUT
MB-6226,WT,MUT
MB-6228,MUT,WT
MB-6229,WT,MUT
MB-6230,WT,WT
MB-6231,WT,WT
MB-6232,WT,WT
MB-6233,WT,WT
MB-6234,WT,MUT
MB-6237,MUT,WT
MB-6238,WT,WT
MB-6239,WT,WT
MB-6242,MUT,WT
MB-6245,WT,WT
MB-6246,MUT,WT
MB-6248,MUT,WT
MB-6251,MUT,WT
MB-6253,WT,MUT
MB-6254,WT,WT
MB-6256,WT,WT
MB-6257,WT,WT
MB-6263,WT,WT
MB-6271,MUT,WT
MB-6272,MUT,WT
MB-6273,MUT,WT
MB-6280,MUT,WT
MB-6281,MUT,WT
MB-6283,WT,MUT
MB-6284,WT,WT
MB-6286,MUT,WT
MB-6287,WT,MUT
MB-6288,MUT,WT
MB-6297,WT,WT
MB-6300,WT,WT
MB-6302,WT,WT
MB-6305,MUT,WT
MB-6306,WT,WT
MB-6308,WT,MUT
MB-6312,WT,WT
MB-6314,WT,WT
MB-6317,MUT,WT
MB-6318,MUT,WT
MB-6319,WT,WT
MB-6322,WT,MUT
MB-6327,WT,WT
MB-6328,WT,MUT
MB-6329,MUT,WT
MB-6330,WT,MUT
MB-6334,MUT,MUT
MB-6336,MUT,WT
MB-6337,MUT,WT
MB-6344,MUT,WT
MB-6346,WT,WT
MB-6358,MUT,WT
MB-6359,MUT,WT
MB-6363,WT,WT
MB-7000,WT,WT
MB-7001,WT,WT
MB-7002,WT,MUT
MB-7003,WT,MUT
MB-7004,WT,WT
MB-7005,WT,MUT
MB-7006,WT,MUT
MB-7007,MUT,WT
MB-7008,WT,WT
MB-7009,WT,WT
MB-7010,WT,MUT
MB-7011,WT,WT
MB-7012,WT,WT
MB-7013,WT,WT
MB-7014,MUT,WT
MB-7015,WT,WT
MB-7017,MUT,WT
MB-7018,WT,WT
MB-7019,WT,MUT
MB-7020,MUT,MUT
MB-7022,WT,MUT
MB-7023,MUT,MUT
MB-7024,WT,MUT
MB-7025,MUT,WT
MB-7026,WT,WT
MB-7027,MUT,MUT
MB-7028,WT,WT
MB-7029,MUT,MUT
MB-7030,WT,MUT
MB-7031,MUT,WT
MB-7032,WT,MUT
MB-7034,WT,WT
MB-7035,WT,MUT
MB-7036,MUT,WT
MB-7037,WT,WT
MB-7038,WT,WT
MB-7039,MUT,WT
MB-7040,WT,WT
MB-7041,WT,MUT
MB-7042,WT,MUT
MB-7043,WT,WT
MB-7044,WT,MUT
MB-7045,MUT,WT
MB-7046,WT,MUT
MB-7048,MUT,WT
MB-7049,WT,WT
MB-7050,MUT,WT
MB-7051,MUT,WT
MB-7052,MUT,WT
MB-7053,MUT,WT
MB-7054,MUT,WT
MB-7055,MUT,WT
MB-7056,WT,WT
MB-7057,MUT,WT
MB-7058,WT,WT
MB-7059,MUT,MUT
MB-7060,WT,WT
MB-7061,WT,MUT
MB-7062,WT,MUT
MB-7063,WT,MUT
MB-7065,WT,WT
MB-7066,WT,WT
MB-7067,MUT,MUT
MB-7068,MUT,WT
MB-7069,MUT,MUT
MB-7070,MUT,MUT
MB-7071,WT,MUT
MB-7072,MUT,WT
MB-7073,MUT,MUT
MB-7074,WT,WT
MB-7075,WT,WT
MB-7076,WT,WT
MB-7077,WT,MUT
MB-7078,WT,MUT
MB-7079,WT,MUT
MB-7080,WT,MUT
MB-7081,WT,WT
MB-7082,MUT,WT
MB-7083,MUT,WT
MB-7084,MUT,WT
MB-7085,WT,WT
MB-7086,WT,WT
MB-7087,MUT,WT
MB-7088,MUT,WT
MB-7089,MUT,WT
MB-7090,MUT,MUT
MB-7091,MUT,MUT
MB-7092,WT,WT
MB-7093,WT,MUT
MB-7094,WT,MUT
MB-7095,WT,MUT
MB-7096,WT,WT
MB-7097,WT,MUT
MB-7099,WT,WT
MB-7100,WT,WT
MB-7101,WT,MUT
MB-7102,WT,WT
MB-7104,MUT,WT
MB-7106,WT,MUT
MB-7107,WT,MUT
MB-7109,WT,WT
MB-7111,MUT,MUT
MB-7112,WT,WT
MB-7113,WT,MUT
MB-7114,MUT,WT
MB-7115,WT,WT
MB-7116,WT,WT
MB-7118,WT,WT
MB-7119,MUT,WT
MB-7121,WT,WT
MB-7122,MUT,WT
MB-7123,WT,WT
MB-7124,WT,WT
MB-7127,WT,WT
MB-7128,WT,WT
MB-7130,WT,WT
MB-7131,WT,WT
MB-7132,WT,MUT
MB-7133,WT,WT
MB-7135,WT,WT
MB-7137,WT,WT
MB-7138,WT,WT
MB-7140,WT,WT
MB-7141,WT,WT
MB-7142,WT,WT
MB-7143,WT,WT
MB-7144,MUT,MUT
MB-7145,MUT,WT
MB-7147,WT,WT
MB-7148,WT,WT
MB-7149,WT,WT
MB-7150,MUT,MUT
MB-7151,MUT,WT
MB-7152,WT,WT
MB-7153,WT,MUT
MB-7154,MUT,WT
MB-7155,MUT,WT
MB-7157,WT,WT
MB-7158,MUT,WT
MB-7159,MUT,WT
MB-7160,MUT,WT
MB-7161,WT,WT
MB-7162,WT,WT
MB-7163,WT,MUT
MB-7164,WT,MUT
MB-7165,MUT,WT
MB-7167,WT,MUT
MB-7168,WT,MUT
MB-7170,WT,WT
MB-7171,WT,WT
MB-7172,WT,WT
MB-7173,WT,MUT
MB-7174,MUT,WT
MB-7176,WT,MUT
MB-7181,WT,WT
MB-7182,WT,MUT
MB-7185,WT,MUT
MB-7186,WT,WT
MB-7187,MUT,WT
MB-7188,WT,WT
MB-7189,MUT,WT
MB-7193,WT,WT
MB-7194,WT,WT
MB-7195,WT,MUT
MB-7196,MUT,MUT
MB-7197,WT,MUT
MB-7198,MUT,WT
MB-7199,WT,WT
MB-7200,WT,MUT
MB-7201,MUT,WT
MB-7205,MUT,WT
MB-7207,MUT,MUT
MB-7208,WT,WT
MB-7212,WT,MUT
MB-7215,WT,MUT
MB-7216,WT,WT
MB-7217,WT,MUT
MB-7218,WT,MUT
MB-7219,WT,MUT
MB-7220,WT,MUT
MB-7225,MUT,WT
MB-7226,WT,WT
MB-7227,WT,WT
MB-7228,WT,MUT
MB-7229,WT,MUT
MB-7230,WT,MUT
MB-7231,WT,WT
MB-7232,WT,MUT
MB-7233,WT,MUT
MB-7234,WT,WT
MB-7235,WT,MUT
MB-7236,WT,WT
MB-7237,WT,MUT
MB-7238,MUT,MUT
MB-7241,WT,MUT
MB-7243,WT,MUT
MB-7244,WT,MUT
MB-7249,WT,WT
MB-7250,MUT,MUT
MB-7251,WT,WT
MB-7252,MUT,MUT
MB-7253,WT,MUT
MB-7254,WT,MUT
MB-7256,MUT,WT
MB-7258,MUT,WT
MB-7260,MUT,WT
MB-7262,MUT,WT
MB-7263,MUT,MUT
MB-7264,MUT,WT
MB-7266,WT,MUT
MB-7267,MUT,WT
MB-7268,WT,MUT
MB-7269,WT,WT
MB-7270,MUT,WT
MB-7273,MUT,WT
MB-7275,MUT,MUT
MB-7276,WT,MUT
MB-7277,WT,WT
MB-7278,WT,MUT
MB-7279,MUT,WT
MB-7280,WT,WT
MB-7281,MUT,MUT
MB-7283,MUT,MUT
MB-7284,WT,WT
MB-7285,MUT,WT
MB-7286,WT,WT
MB-7287,MUT,WT
MB-7288,WT,WT
MB-7289,WT,MUT
MB-7291,MUT,MUT
MB-7292,WT,WT
MB-7293,MUT,MUT
MB-7294,MUT,WT
MB-7295,WT,MUT
MB-7296,MUT,WT
MB-7297,WT,WT
MB-7298,WT,WT
MB-7299,WT,WT
